value,count
0,1
1,18
2,64
3,240
4,936
5,1616
6,1414
7,1690
8,2137
9,971
10,1431
11,920
12,746
13,727
14,673
15,595
16,573
17,482
18,499
19,455
20,390
21,393
22,383
23,407
24,350
25,368
26,342
27,343
28,343
29,347
30,325
31,359
32,384
33,404
34,404
35,398
36,393
37,372
38,358
39,398
40,388
41,340
42,378
43,388
44,370
45,361
46,410
47,426
48,413
49,369
50,364
51,391
52,422
53,360
54,429
55,383
56,431
57,422
58,418
59,421
60,363
61,368
62,403
63,408
64,420
65,425
66,416
67,409
68,344
69,410
70,410
71,373
72,423
73,421
74,418
75,403
76,386
77,395
78,357
79,385
80,407
81,363
82,364
83,355
84,352
85,332
86,332
87,336
88,311
89,336
90,324
91,300
92,275
93,303
94,300
95,305
96,268
97,288
98,273
99,280
100,267
101,306
102,284
103,320
104,321
105,327
106,263
107,302
108,304
109,289
110,296
111,277
112,293
113,263
114,278
115,265
116,271
117,256
118,225
119,234
120,218
121,243
122,220
123,193
124,177
125,199
126,181
127,194
128,185
129,189
130,163
131,183
132,166
133,182
134,166
135,148
136,130
137,137
138,135
139,138
140,131
141,132
142,105
143,132
144,117
145,128
146,108
147,129
148,118
149,125
150,141
151,121
152,117
153,109
154,105
155,115
156,93
157,131
158,107
159,105
160,97
161,96
162,83
163,100
164,100
165,88
166,87
167,103
168,83
169,103
170,93
171,94
172,111
173,114
174,101
175,123
176,103
177,92
178,95
179,80
180,102
181,91
182,79
183,97
184,91
185,81
186,97
187,93
188,116
189,82
190,83
191,103
192,111
193,73
194,106
195,120
196,117
197,93
198,103
199,138
200,117
201,113
202,93
203,92
204,107
205,112
206,109
207,113
208,100
209,93
210,90
211,106
212,88
213,87
214,91
215,77
216,72
217,84
218,91
219,88
220,81
221,59
222,63
223,39
224,40
225,49
226,50
227,45
228,31
229,27
230,20
231,29
232,16
233,22
234,23
235,13
236,17
237,20
238,9
239,9
240,11
241,11
242,4
243,9
244,7
245,8
246,6
247,5
248,1
249,0
250,0
251,0
252,0
253,0
254,0
255,0
